operator,dtype,size,density,outputsize,time_us
compress_128_0.9_fp16,fp16,327680,0.9,294979,339.58
compress_128_0.9_fp16,fp16,5570560,0.9,5014020,952.91
compress_128_0.9_fp16,fp16,10813440,0.9,9731696,1543.95
compress_128_0.9_fp16,fp16,16056320,0.9,14450326,2143.99
compress_128_0.9_fp16,fp16,21299200,0.9,19170235,2737.83
compress_128_0.9_fp16,fp16,26542080,0.9,23889280,3333.81
compress_128_0.9_fp16,fp16,31784960,0.9,28606404,3936.29
compress_128_0.9_fp16,fp16,37027840,0.9,33325587,4552.31
compress_128_0.9_fp16,fp16,42270720,0.9,38044321,5161.47
compress_128_0.9_fp16,fp16,47513600,0.9,42764400,5766.70
compress_128_0.9_fp16,fp16,52756480,0.9,47480160,6380.24
compress_128_0.9_fp16,fp16,57999360,0.9,52197345,6979.89
compress_128_0.9_fp16,fp16,63242240,0.9,56918085,7579.18
compress_128_0.9_fp16,fp16,68485120,0.9,61634955,8156.45
compress_128_0.9_fp16,fp16,73728000,0.9,66354884,8767.37
compress_128_0.9_fp16,fp16,78970880,0.9,71080738,9342.53
compress_128_0.9_fp16,fp16,84213760,0.9,75787645,9956.63
compress_128_0.9_fp16,fp16,89456640,0.9,80503075,10567.17
compress_128_0.9_fp16,fp16,94699520,0.9,85227446,11141.41
compress_128_0.9_fp16,fp16,99942400,0.9,89947279,11741.94
